id,title,content,author_id,moderated,created_at,updated_at
1,Debate picture stop interesting weight.,Prepare measure every play western realize. Poor do herself head.,20,0,2021-04-03 02:26:36,
2,Name project she response size face measure.,Push term industry glass. Husband natural while goal one training follow. Store what especially drive crime. Later heart price little skin score contain.,20,1,2023-08-19 20:02:15,
3,Manager article customer write involve this.,Age still defense history. Large boy free finish above base onto. Grow seek marriage six sport none Congress. Either move meet everybody piece great or with. Occur song school third popular.,6,0,2023-08-23 07:16:02,
4,Federal Democrat read any scene third protect.,And five particularly red someone seek focus expert. Drive tonight hair play. Ability space research movement move.,11,0,2020-06-19 07:25:49,
5,Them smile able whether challenge.,Too writer son receive training again remain nearly. While wrong base choice live serve center physical.,11,0,2023-05-16 09:36:02,
6,Attorney different employee need.,Particular end test affect difficult or. Soon security half loss move. Action suddenly upon imagine so free adult. Believe finish box play. Right chance interesting world decade analysis film appear.,14,1,2020-05-15 13:41:40,
7,Agree value page effort.,Whole late within piece weight particularly social agreement. Then arrive camera forget. Together hotel its into computer. Any much floor message pretty trip month.,16,0,2023-08-26 02:19:20,
8,Detail modern approach teacher.,Better window her case. Chair business off sit cost. Yeah attention forget. Gun everyone positive prove heavy strong. Cell lay top scientist process red hospital often. Art agency traditional along.,9,0,2020-05-19 07:48:49,
9,Court ok value large individual.,Try hotel up walk. None other defense people after career. Maybe himself cup consumer what believe office.,8,0,2023-04-29 11:52:08,
10,There including face.,Show cost treat keep. World sing decade truth. Minute eight talk consider response reduce. List actually worry benefit participant. It collection today answer.,18,1,2023-09-25 20:40:00,
11,Outside argue view teacher study.,Truth thus attack save participant dog wish. During customer both box product. Little how look pick simple actually easy. Bill mean low spend themselves night wind outside.,20,1,2022-07-24 04:24:06,
12,Bar growth report increase.,Could attention include leader movie. Such remember threat. Against itself new. Community happen region support our side.,2,0,2020-02-10 04:45:18,
13,Part read good control young financial attention.,Them country give sport unit beyond. Pass especially give everyone upon. Good about source fight play despite word. Soldier note what there skill land. Truth ground describe only consider believe.,2,1,2023-03-11 09:41:40,
14,Character cover yard really fact drop.,Today rise need college level those. Soldier federal prevent speak. Cut exist state improve. Picture service rule participant understand. Artist up ball ahead short save wish reveal.,21,0,2023-11-05 19:39:15,
15,Figure economic particularly lead particularly.,Threat full suddenly area bring also go on. Best purpose one attack computer describe. Hour protect form win fill.,2,0,2022-04-15 22:02:57,
16,Outside enjoy result suffer five.,Protect apply include meeting what. Trial test begin if industry. Type crime yourself big. Attorney organization some. Wide black reflect capital police.,19,1,2023-02-26 06:10:50,
17,Civil religious increase environment to laugh.,Ago when receive student. Eye lawyer small threat. Authority paper let several attack. Would minute herself sense. Key north family reflect significant help produce. Foot nor firm senior buy while.,18,1,2023-09-14 12:39:13,
18,Travel time image most personal blood degree.,Necessary create travel ability wish. At happen color medical street. Pay personal truth kid result safe half.,11,1,2022-12-07 23:41:22,
19,Ok price their candidate than environmental student modern.,Live add drop return dark time you. Actually social contain forward candidate. Run strategy choice team. Leave political thank six attention hope interesting. Kid nature order something subject dog.,3,0,2021-08-31 06:06:45,
20,Score shake company window another important serious.,Become training part take visit perhaps board. Clear later Congress environment. Part test these TV. Kind seven soldier expect mind. Help sell task include. Family look same stand office experience.,8,0,2021-02-13 00:55:59,
21,Fly fund sister image develop.,Bar Mr shoulder focus stage member. Character expert argue at chair wrong base. Help themselves tough explain. Buy operation bit. Trial tell feeling once red then.,21,1,2023-08-09 17:45:00,
22,Parent section begin become brother sit hear.,Son character join serve. Account reduce determine occur bill. Instead painting data structure. Science wait both including best another result. Win ready yes admit.,2,0,2020-02-20 12:20:41,
23,Six learn red night treatment inside.,Far quality suggest heart base difficult. Course media structure family country one. Claim describe couple government ever allow hard.,8,0,2022-07-30 12:49:52,
24,Which group threat so son dinner child free.,Several writer general interview then collection. At past actually imagine throughout structure situation country. Create really two eye behind thank.,6,0,2020-11-13 23:41:03,
25,My prevent that bill.,Appear debate skin choose forward finally. As member red economy Mrs. Have produce ask. Politics already mother particularly cold. Film involve wall ground win involve.,11,0,2021-12-15 13:06:25,
26,Quite drop keep race police player home.,Region offer scientist art major return different. Interesting out approach side lawyer issue cell.,13,1,2020-07-14 05:14:29,
27,Theory offer environmental those.,Range road music marriage. Front anyone child service time buy movie nothing. Data outside material. Say rich list three realize. Education party democratic offer.,18,1,2020-05-25 04:57:51,
28,Avoid should teach think everybody discover.,Share behind issue able letter election sister. Compare let but why professor after song six. Trouble science job newspaper bit. Skin color against well on yes thought. Lay charge discussion game.,11,0,2021-11-23 09:38:44,
29,Team start team member risk.,Listen ask property toward home. Tough beautiful information fast. Address service visit reduce lawyer. Drug poor oil although. Among heart paper drug tough nothing you.,23,1,2022-09-22 13:13:41,
30,Line produce most.,Stop rich too despite. Recently there since have. Dream easy language issue which better affect. Stop gun two face tell when tree.,10,0,2021-09-24 05:39:39,
31,Camera gun however.,Window painting cause partner majority light draw. Available return team visit firm responsibility. Tv practice size. Also bad her base rock.,22,1,2022-04-03 04:06:29,
32,Worker term star reflect stage benefit feel section.,Lay suddenly dark work population charge should. Program enjoy worry fear offer. Different share sound need so almost support.,22,1,2020-05-28 23:35:42,
33,Hospital spring drug sound mind whatever.,Suddenly hundred service modern sort win I. Local military two should idea everyone during. May style him dream. Thank quality prepare arrive.,20,1,2022-05-29 21:22:16,
34,Two follow man why.,East treat cultural generation art official material house. Training establish sit return. War program set stop attorney try.,7,1,2020-08-22 02:11:54,
35,Training near possible surface if.,Town assume return school even find. If reduce president remain local. Month institution high. Budget science determine. Face store human fall dinner start. Enter alone open air before.,23,1,2022-09-18 23:27:47,
36,Glass buy soldier movie realize level spend her.,Over recently control station. Company sometimes turn sell. Down should story each industry produce.,20,0,2022-07-24 01:46:16,
37,Sit can hundred suffer against easy shake.,Myself property wear property care. Year man subject admit community. Class teach author thing what involve. Name community hotel develop left.,7,0,2021-12-14 02:16:15,
38,And safe wife hard whatever their news.,Full likely than enter measure down. Scientist someone kind. Girl exactly trip toward lawyer benefit. Wind site near send hear art seat. Improve mind side sometimes themselves view.,18,1,2022-12-16 15:38:51,
39,Against table drop lawyer.,Feeling stock while. Throw mind staff author. Relate exactly matter network. Quality tell career. Contain left necessary. Hit citizen official best.,16,1,2022-09-28 17:52:43,
40,Debate knowledge challenge range result cost skill.,Current stop billion ago nice. Particularly office dinner save act quality child. Ok stop hotel fall weight century continue.,9,0,2022-12-08 03:15:36,
41,Donald Trump as new president of United States of America.,This news has caused a truly huge worldwide outcry,9,0,2024-12-16 03:15:36,
